Team Name;Year;Wins;Losses;OT Losses;Win %;Goals For (GF);Goals Against (GA);+ / -;goals_ratio;victory_percentage
Boston Bruins;1990;44;24;;0.55;299;264;35;1.1325757575757576;
Buffalo Sabres;1990;31;30;;0.388;292;278;14;1.0503597122302157;
Calgary Flames;1990;46;26;;0.575;344;263;81;1.3079847908745248;
Chicago Blackhawks;1990;49;23;;0.613;284;211;73;1.3459715639810426;
Detroit Red Wings;1990;34;38;;0.425;273;298;-25;0.9161073825503355;
Edmonton Oilers;1990;37;37;;0.463;272;272;0;1.0;
Hartford Whalers;1990;31;38;;0.388;238;276;-38;0.8623188405797102;
Los Angeles Kings;1990;46;24;;0.575;340;254;86;1.3385826771653544;
Minnesota North Stars;1990;27;39;;0.338;256;266;-10;0.9624060150375939;
Montreal Canadiens;1990;39;30;;0.487;273;249;24;1.0963855421686748;
New Jersey Devils;1990;32;33;;0.4;272;264;8;1.0303030303030303;
New York Islanders;1990;25;45;;0.312;223;290;-67;0.7689655172413793;
New York Rangers;1990;36;31;;0.45;297;265;32;1.120754716981132;
Philadelphia Flyers;1990;33;37;;0.412;252;267;-15;0.9438202247191011;
Pittsburgh Penguins;1990;41;33;;0.512;342;305;37;1.1213114754098361;
Quebec Nordiques;1990;16;50;;0.2;236;354;-118;0.6666666666666666;
St. Louis Blues;1990;47;22;;0.588;310;250;60;1.24;
Toronto Maple Leafs;1990;23;46;;0.287;241;318;-77;0.7578616352201258;
Vancouver Canucks;1990;28;43;;0.35;243;315;-72;0.7714285714285715;
Washington Capitals;1990;37;36;;0.463;258;258;0;1.0;
Winnipeg Jets;1990;26;43;;0.325;260;288;-28;0.9027777777777778;
Boston Bruins;1991;36;32;;0.45;270;275;-5;0.9818181818181818;
Buffalo Sabres;1991;31;37;;0.388;289;299;-10;0.9665551839464883;
Calgary Flames;1991;31;37;;0.388;296;305;-9;0.9704918032786886;
Chicago Blackhawks;1991;36;29;;0.45;257;236;21;1.0889830508474576;
Detroit Red Wings;1991;43;25;;0.537;320;256;64;1.25;
Edmonton Oilers;1991;36;34;;0.45;295;297;-2;0.9932659932659933;
Hartford Whalers;1991;26;41;;0.325;247;283;-36;0.872791519434629;
Los Angeles Kings;1991;35;31;;0.438;287;296;-9;0.9695945945945946;
Minnesota North Stars;1991;32;42;;0.4;246;278;-32;0.8848920863309353;
Montreal Canadiens;1991;41;28;;0.512;267;207;60;1.289855072463768;
New Jersey Devils;1991;38;31;;0.475;289;259;30;1.1158301158301158;
New York Islanders;1991;34;35;;0.425;291;299;-8;0.9732441471571907;
New York Rangers;1991;50;25;;0.625;321;246;75;1.3048780487804879;
Philadelphia Flyers;1991;32;37;;0.4;252;273;-21;0.9230769230769231;
Pittsburgh Penguins;1991;39;32;;0.487;343;308;35;1.1136363636363635;
Quebec Nordiques;1991;20;48;;0.25;255;318;-63;0.8018867924528302;
San Jose Sharks;1991;17;58;;0.212;219;359;-140;0.6100278551532033;
St. Louis Blues;1991;36;33;;0.45;279;266;13;1.0488721804511278;
Toronto Maple Leafs;1991;30;43;;0.375;234;294;-60;0.7959183673469388;
Vancouver Canucks;1991;42;26;;0.525;285;250;35;1.14;
Washington Capitals;1991;45;27;;0.562;330;275;55;1.2;
Winnipeg Jets;1991;33;32;;0.412;251;244;7;1.028688524590164;
Boston Bruins;1992;51;26;;0.607;332;268;64;1.2388059701492538;
Buffalo Sabres;1992;38;36;;0.452;335;297;38;1.127946127946128;
Calgary Flames;1992;43;30;;0.512;322;282;40;1.1418439716312057;
Chicago Blackhawks;1992;47;25;;0.56;279;230;49;1.2130434782608697;
Detroit Red Wings;1992;47;28;;0.56;369;280;89;1.3178571428571428;
Edmonton Oilers;1992;26;50;;0.31;242;337;-95;0.7181008902077152;
Hartford Whalers;1992;26;52;;0.31;284;369;-85;0.7696476964769647;
Los Angeles Kings;1992;39;35;;0.464;338;340;-2;0.9941176470588236;
Minnesota North Stars;1992;36;38;;0.429;272;293;-21;0.9283276450511946;
Montreal Canadiens;1992;48;30;;0.571;326;280;46;1.1642857142857144;
New Jersey Devils;1992;40;37;;0.476;308;299;9;1.0301003344481605;
New York Islanders;1992;40;37;;0.476;335;297;38;1.127946127946128;
New York Rangers;1992;34;39;;0.405;304;308;-4;0.987012987012987;
Ottawa Senators;1992;10;70;;0.119;202;395;-193;0.5113924050632911;
Philadelphia Flyers;1992;36;37;;0.429;319;319;0;1.0;
Pittsburgh Penguins;1992;56;21;;0.667;367;268;99;1.3694029850746268;
Quebec Nordiques;1992;47;27;;0.56;351;300;51;1.17;
San Jose Sharks;1992;11;71;;0.131;218;414;-196;0.5265700483091788;
St. Louis Blues;1992;37;36;;0.44;282;278;4;1.014388489208633;
Tampa Bay Lightning;1992;23;54;;0.274;245;332;-87;0.7379518072289156;
Toronto Maple Leafs;1992;44;29;;0.524;288;241;47;1.1950207468879668;
Vancouver Canucks;1992;46;29;;0.548;346;278;68;1.2446043165467626;
Washington Capitals;1992;43;34;;0.512;325;286;39;1.1363636363636365;
Winnipeg Jets;1992;40;37;;0.476;322;320;2;1.00625;
Mighty Ducks of Anaheim;1993;33;46;;0.393;229;251;-22;0.9123505976095617;
Boston Bruins;1993;42;29;;0.5;289;252;37;1.1468253968253967;
Buffalo Sabres;1993;43;32;;0.512;282;218;64;1.2935779816513762;
Calgary Flames;1993;42;29;;0.5;302;256;46;1.1796875;
Chicago Blackhawks;1993;39;36;;0.464;254;240;14;1.0583333333333333;
Dallas Stars;1993;42;29;;0.5;286;265;21;1.079245283018868;
Detroit Red Wings;1993;46;30;;0.548;356;275;81;1.2945454545454544;
Edmonton Oilers;1993;25;45;;0.298;261;305;-44;0.8557377049180328;
Florida Panthers;1993;33;34;;0.393;233;233;0;1.0;
Hartford Whalers;1993;27;48;;0.321;227;288;-61;0.7881944444444444;
Los Angeles Kings;1993;27;45;;0.321;294;322;-28;0.9130434782608695;
Montreal Canadiens;1993;41;29;;0.488;283;248;35;1.1411290322580645;
New Jersey Devils;1993;47;25;;0.56;306;220;86;1.3909090909090909;
New York Islanders;1993;36;36;;0.429;282;264;18;1.0681818181818181;
New York Rangers;1993;52;24;;0.619;299;231;68;1.2943722943722944;
Ottawa Senators;1993;14;61;;0.167;201;397;-196;0.5062972292191436;
Philadelphia Flyers;1993;35;39;;0.417;294;314;-20;0.9363057324840764;
Pittsburgh Penguins;1993;44;27;;0.524;299;285;14;1.0491228070175438;
Quebec Nordiques;1993;34;42;;0.405;277;292;-15;0.9486301369863014;
San Jose Sharks;1993;33;35;;0.393;252;265;-13;0.9509433962264151;
St. Louis Blues;1993;40;33;;0.476;270;283;-13;0.9540636042402827;
Tampa Bay Lightning;1993;30;43;;0.357;224;251;-27;0.8924302788844621;
Toronto Maple Leafs;1993;43;29;;0.512;280;243;37;1.1522633744855968;
Vancouver Canucks;1993;41;40;;0.488;279;276;3;1.0108695652173914;
Washington Capitals;1993;39;35;;0.464;277;263;14;1.053231939163498;
Winnipeg Jets;1993;24;51;;0.286;245;344;-99;0.7122093023255814;
Mighty Ducks of Anaheim;1994;16;27;;0.333;125;164;-39;0.7621951219512195;
Boston Bruins;1994;27;18;;0.562;150;127;23;1.1811023622047243;
Buffalo Sabres;1994;22;19;;0.458;130;119;11;1.0924369747899159;
Calgary Flames;1994;24;17;;0.5;163;135;28;1.2074074074074075;
Chicago Blackhawks;1994;24;19;;0.5;156;115;41;1.3565217391304347;
Dallas Stars;1994;17;23;;0.354;136;135;1;1.0074074074074073;
Detroit Red Wings;1994;33;11;;0.688;180;117;63;1.5384615384615385;
Edmonton Oilers;1994;17;27;;0.354;136;183;-47;0.7431693989071039;
Florida Panthers;1994;20;22;;0.417;115;127;-12;0.905511811023622;
Hartford Whalers;1994;19;24;;0.396;127;141;-14;0.900709219858156;
Los Angeles Kings;1994;16;23;;0.333;142;174;-32;0.8160919540229885;
Montreal Canadiens;1994;18;23;;0.375;125;148;-23;0.8445945945945946;
New Jersey Devils;1994;22;18;;0.458;136;121;15;1.1239669421487604;
New York Islanders;1994;15;28;;0.312;126;158;-32;0.7974683544303798;
New York Rangers;1994;22;23;;0.458;139;134;5;1.037313432835821;
Ottawa Senators;1994;9;34;;0.188;117;174;-57;0.6724137931034483;
Philadelphia Flyers;1994;28;16;;0.583;150;132;18;1.1363636363636365;
Pittsburgh Penguins;1994;29;16;;0.604;181;158;23;1.1455696202531647;
Quebec Nordiques;1994;30;13;;0.625;185;134;51;1.3805970149253732;
San Jose Sharks;1994;19;25;;0.396;129;161;-32;0.8012422360248447;
St. Louis Blues;1994;28;15;;0.583;178;135;43;1.3185185185185184;
Tampa Bay Lightning;1994;17;28;;0.354;120;144;-24;0.8333333333333334;
Toronto Maple Leafs;1994;21;19;;0.438;135;146;-11;0.9246575342465754;
Vancouver Canucks;1994;18;18;;0.375;153;148;5;1.0337837837837838;
Washington Capitals;1994;22;18;;0.458;136;120;16;1.1333333333333333;
Winnipeg Jets;1994;16;25;;0.333;157;177;-20;0.8870056497175142;
Mighty Ducks of Anaheim;1995;35;39;;0.427;234;247;-13;0.9473684210526315;
Boston Bruins;1995;40;31;;0.488;282;269;13;1.0483271375464684;
Buffalo Sabres;1995;33;42;;0.402;247;262;-15;0.9427480916030534;
Calgary Flames;1995;34;37;;0.415;241;240;1;1.0041666666666667;
Chicago Blackhawks;1995;40;28;;0.488;273;220;53;1.240909090909091;
Colorado Avalanche;1995;47;25;;0.573;326;240;86;1.3583333333333334;
Dallas Stars;1995;26;42;;0.317;227;280;-53;0.8107142857142857;
Detroit Red Wings;1995;62;13;;0.756;325;181;144;1.7955801104972375;
Edmonton Oilers;1995;30;44;;0.366;240;304;-64;0.7894736842105263;
Florida Panthers;1995;41;31;;0.5;254;234;20;1.0854700854700854;
Hartford Whalers;1995;34;39;;0.415;237;259;-22;0.915057915057915;
Los Angeles Kings;1995;24;40;;0.293;256;302;-46;0.847682119205298;
Montreal Canadiens;1995;40;32;;0.488;265;248;17;1.0685483870967742;
New Jersey Devils;1995;37;33;;0.451;215;202;13;1.0643564356435644;
New York Islanders;1995;22;50;;0.268;229;315;-86;0.726984126984127;
New York Rangers;1995;41;27;;0.5;272;237;35;1.1476793248945147;
Ottawa Senators;1995;18;59;;0.22;191;291;-100;0.6563573883161512;
Philadelphia Flyers;1995;45;24;;0.549;282;208;74;1.3557692307692308;
Pittsburgh Penguins;1995;49;29;;0.598;362;284;78;1.2746478873239437;
San Jose Sharks;1995;20;55;;0.244;252;357;-105;0.7058823529411765;
St. Louis Blues;1995;32;34;;0.39;219;248;-29;0.8830645161290323;
Tampa Bay Lightning;1995;38;32;;0.463;238;248;-10;0.9596774193548387;
Toronto Maple Leafs;1995;34;36;;0.415;247;252;-5;0.9801587301587301;
Vancouver Canucks;1995;32;35;;0.39;278;278;0;1.0;
Washington Capitals;1995;39;32;;0.476;234;204;30;1.1470588235294117;
Winnipeg Jets;1995;36;40;;0.439;275;291;-16;0.9450171821305842;
Mighty Ducks of Anaheim;1996;36;33;;0.439;245;233;12;1.0515021459227467;
Boston Bruins;1996;26;47;;0.317;234;300;-66;0.78;
Buffalo Sabres;1996;40;30;;0.488;237;208;29;1.1394230769230769;
Calgary Flames;1996;32;41;;0.39;214;239;-25;0.895397489539749;
Chicago Blackhawks;1996;34;35;;0.415;223;210;13;1.061904761904762;
Colorado Avalanche;1996;49;24;;0.598;277;205;72;1.351219512195122;
Dallas Stars;1996;48;26;;0.585;252;198;54;1.2727272727272727;
Detroit Red Wings;1996;38;26;;0.463;253;197;56;1.284263959390863;
Edmonton Oilers;1996;36;37;;0.439;252;247;5;1.0202429149797572;
Florida Panthers;1996;35;28;;0.427;221;201;20;1.099502487562189;
Hartford Whalers;1996;32;39;;0.39;226;256;-30;0.8828125;
Los Angeles Kings;1996;28;43;;0.341;214;268;-54;0.7985074626865671;
Montreal Canadiens;1996;31;36;;0.378;249;276;-27;0.9021739130434783;
New Jersey Devils;1996;45;23;;0.549;231;182;49;1.2692307692307692;
New York Islanders;1996;29;41;;0.354;240;250;-10;0.96;
New York Rangers;1996;38;34;;0.463;258;231;27;1.1168831168831168;
Ottawa Senators;1996;31;36;;0.378;226;234;-8;0.9658119658119658;
Philadelphia Flyers;1996;45;24;;0.549;274;217;57;1.262672811059908;
Phoenix Coyotes;1996;38;37;;0.463;240;243;-3;0.9876543209876543;
Pittsburgh Penguins;1996;38;36;;0.463;285;280;5;1.0178571428571428;
San Jose Sharks;1996;27;47;;0.329;211;278;-67;0.7589928057553957;
St. Louis Blues;1996;36;35;;0.439;236;239;-3;0.9874476987447699;
Tampa Bay Lightning;1996;32;40;;0.39;217;247;-30;0.8785425101214575;
Toronto Maple Leafs;1996;30;44;;0.366;230;273;-43;0.8424908424908425;
Vancouver Canucks;1996;35;40;;0.427;257;273;-16;0.9413919413919414;
Washington Capitals;1996;33;40;;0.402;214;231;-17;0.9264069264069265;
Mighty Ducks of Anaheim;1997;26;43;;0.317;205;261;-56;0.7854406130268199;
Boston Bruins;1997;39;30;;0.476;221;194;27;1.1391752577319587;
Buffalo Sabres;1997;36;29;;0.439;211;187;24;1.1283422459893049;
Calgary Flames;1997;26;41;;0.317;217;252;-35;0.8611111111111112;
Carolina Hurricanes;1997;33;41;;0.402;200;219;-19;0.91324200913242;
Chicago Blackhawks;1997;30;39;;0.366;192;199;-7;0.964824120603015;
Colorado Avalanche;1997;39;26;;0.476;231;205;26;1.1268292682926828;
Dallas Stars;1997;49;22;;0.598;242;167;75;1.4491017964071857;
Detroit Red Wings;1997;44;23;;0.537;250;196;54;1.2755102040816326;
Edmonton Oilers;1997;35;37;;0.427;215;224;-9;0.9598214285714286;
Florida Panthers;1997;24;43;;0.293;203;256;-53;0.79296875;
Los Angeles Kings;1997;38;33;;0.463;227;225;2;1.008888888888889;
Montreal Canadiens;1997;37;32;;0.451;235;208;27;1.1298076923076923;
New Jersey Devils;1997;48;23;;0.585;225;166;59;1.355421686746988;
New York Islanders;1997;30;41;;0.366;212;225;-13;0.9422222222222222;
New York Rangers;1997;25;39;;0.305;197;231;-34;0.8528138528138528;
Ottawa Senators;1997;34;33;;0.415;193;200;-7;0.965;
Philadelphia Flyers;1997;42;29;;0.512;242;193;49;1.2538860103626943;
Phoenix Coyotes;1997;35;35;;0.427;224;227;-3;0.986784140969163;
Pittsburgh Penguins;1997;40;24;;0.488;228;188;40;1.2127659574468086;
San Jose Sharks;1997;34;38;;0.415;210;216;-6;0.9722222222222222;
St. Louis Blues;1997;45;29;;0.549;256;204;52;1.2549019607843137;
Tampa Bay Lightning;1997;17;55;;0.207;151;269;-118;0.5613382899628253;
Toronto Maple Leafs;1997;30;43;;0.366;194;237;-43;0.8185654008438819;
Vancouver Canucks;1997;25;43;;0.305;224;273;-49;0.8205128205128205;
Washington Capitals;1997;40;30;;0.488;219;202;17;1.0841584158415842;
Mighty Ducks of Anaheim;1998;35;34;;0.427;215;206;9;1.0436893203883495;
Boston Bruins;1998;39;30;;0.476;214;181;33;1.1823204419889504;
Buffalo Sabres;1998;37;28;;0.451;207;175;32;1.1828571428571428;
Calgary Flames;1998;30;40;;0.366;211;234;-23;0.9017094017094017;
Carolina Hurricanes;1998;34;30;;0.415;210;202;8;1.0396039603960396;
Chicago Blackhawks;1998;29;41;;0.354;202;248;-46;0.8145161290322581;
Colorado Avalanche;1998;44;28;;0.537;239;205;34;1.1658536585365853;
Dallas Stars;1998;51;19;;0.622;236;168;68;1.4047619047619047;
Detroit Red Wings;1998;43;32;;0.524;245;202;43;1.2128712871287128;
Edmonton Oilers;1998;33;37;;0.402;230;226;4;1.0176991150442478;
Florida Panthers;1998;30;34;;0.366;210;228;-18;0.9210526315789473;
Los Angeles Kings;1998;32;45;;0.39;189;222;-33;0.8513513513513513;
Montreal Canadiens;1998;32;39;;0.39;184;209;-25;0.8803827751196173;
Nashville Predators;1998;28;47;;0.341;190;261;-71;0.7279693486590039;
New Jersey Devils;1998;47;24;;0.573;248;196;52;1.2653061224489797;
New York Islanders;1998;24;48;;0.293;194;244;-50;0.7950819672131147;
New York Rangers;1998;33;38;;0.402;217;227;-10;0.9559471365638766;
Ottawa Senators;1998;44;23;;0.537;239;179;60;1.335195530726257;
Philadelphia Flyers;1998;37;26;;0.451;231;196;35;1.1785714285714286;
Phoenix Coyotes;1998;39;31;;0.476;205;197;8;1.0406091370558375;
Pittsburgh Penguins;1998;38;30;;0.463;242;225;17;1.0755555555555556;
San Jose Sharks;1998;31;33;;0.378;196;191;5;1.0261780104712042;
St. Louis Blues;1998;37;32;;0.451;237;209;28;1.1339712918660287;
Tampa Bay Lightning;1998;19;54;;0.232;179;292;-113;0.613013698630137;
Toronto Maple Leafs;1998;45;30;;0.549;268;231;37;1.1601731601731602;
Vancouver Canucks;1998;23;47;;0.28;192;258;-66;0.7441860465116279;
Washington Capitals;1998;31;45;;0.378;200;218;-18;0.9174311926605505;
Mighty Ducks of Anaheim;1999;34;33;3.0;0.415;217;227;-10;0.9559471365638766;0.4857142857142857
Atlanta Thrashers;1999;14;57;4.0;0.171;170;313;-143;0.5431309904153354;0.18666666666666668
Boston Bruins;1999;24;33;6.0;0.293;210;248;-38;0.8467741935483871;0.38095238095238093
Buffalo Sabres;1999;35;32;4.0;0.427;213;204;9;1.0441176470588236;0.49295774647887325
Calgary Flames;1999;31;36;5.0;0.378;211;256;-45;0.82421875;0.4305555555555556
Carolina Hurricanes;1999;37;35;0.0;0.451;217;216;1;1.0046296296296295;0.5138888888888888
Chicago Blackhawks;1999;33;37;2.0;0.402;242;245;-3;0.9877551020408163;0.4583333333333333
Colorado Avalanche;1999;42;28;1.0;0.512;233;201;32;1.1592039800995024;0.5915492957746479
Dallas Stars;1999;43;23;6.0;0.524;211;184;27;1.1467391304347827;0.5972222222222222
Detroit Red Wings;1999;48;22;2.0;0.585;278;210;68;1.3238095238095238;0.6666666666666666
Edmonton Oilers;1999;32;26;8.0;0.39;226;212;14;1.0660377358490567;0.48484848484848486
Florida Panthers;1999;43;27;6.0;0.524;244;209;35;1.167464114832536;0.5657894736842105
Los Angeles Kings;1999;39;27;4.0;0.476;245;228;17;1.0745614035087718;0.5571428571428572
Montreal Canadiens;1999;35;34;4.0;0.427;196;194;2;1.0103092783505154;0.4794520547945205
Nashville Predators;1999;28;40;7.0;0.341;199;240;-41;0.8291666666666667;0.37333333333333335
New Jersey Devils;1999;45;24;5.0;0.549;251;203;48;1.2364532019704433;0.6081081081081081
New York Islanders;1999;24;48;1.0;0.293;194;275;-81;0.7054545454545454;0.3287671232876712
New York Rangers;1999;29;38;3.0;0.354;218;246;-28;0.8861788617886179;0.4142857142857143
Ottawa Senators;1999;41;28;2.0;0.5;244;210;34;1.161904761904762;0.5774647887323944
Philadelphia Flyers;1999;45;22;3.0;0.549;237;179;58;1.324022346368715;0.6428571428571429
Phoenix Coyotes;1999;39;31;4.0;0.476;232;228;4;1.0175438596491229;0.527027027027027
Pittsburgh Penguins;1999;37;31;6.0;0.451;241;236;5;1.021186440677966;0.5
San Jose Sharks;1999;35;30;7.0;0.427;225;214;11;1.0514018691588785;0.4861111111111111
St. Louis Blues;1999;51;19;1.0;0.622;248;165;83;1.503030303030303;0.7183098591549296
Tampa Bay Lightning;1999;19;47;7.0;0.232;204;310;-106;0.6580645161290323;0.2602739726027397
Toronto Maple Leafs;1999;45;27;3.0;0.549;246;222;24;1.1081081081081081;0.6
Vancouver Canucks;1999;30;29;8.0;0.366;227;237;-10;0.9578059071729957;0.44776119402985076
Washington Capitals;1999;44;24;2.0;0.537;227;194;33;1.1701030927835052;0.6285714285714286
Mighty Ducks of Anaheim;2000;25;41;5.0;0.305;188;245;-57;0.7673469387755102;0.352112676056338
Atlanta Thrashers;2000;23;45;2.0;0.28;211;289;-78;0.7301038062283737;0.32857142857142857
Boston Bruins;2000;36;30;8.0;0.439;227;249;-22;0.9116465863453815;0.4864864864864865
Buffalo Sabres;2000;46;30;1.0;0.561;218;184;34;1.184782608695652;0.5974025974025974
Calgary Flames;2000;27;36;4.0;0.329;197;236;-39;0.8347457627118644;0.40298507462686567
Carolina Hurricanes;2000;38;32;3.0;0.463;212;225;-13;0.9422222222222222;0.5205479452054794
Columbus Blue Jackets;2000;28;39;6.0;0.341;190;233;-43;0.8154506437768241;0.3835616438356164
Chicago Blackhawks;2000;29;40;5.0;0.354;210;246;-36;0.8536585365853658;0.3918918918918919
Colorado Avalanche;2000;52;16;4.0;0.634;270;192;78;1.40625;0.7222222222222222
Dallas Stars;2000;48;24;2.0;0.585;241;187;54;1.2887700534759359;0.6486486486486487
Detroit Red Wings;2000;49;20;4.0;0.598;253;202;51;1.2524752475247525;0.6712328767123288
Edmonton Oilers;2000;39;28;3.0;0.476;243;222;21;1.0945945945945945;0.5571428571428572
Florida Panthers;2000;22;38;9.0;0.268;200;246;-46;0.8130081300813008;0.3188405797101449
Los Angeles Kings;2000;38;28;3.0;0.463;252;228;24;1.105263157894737;0.5507246376811594
Minnesota Wild;2000;25;39;5.0;0.305;168;210;-42;0.8;0.36231884057971014
Montreal Canadiens;2000;28;40;6.0;0.341;206;232;-26;0.8879310344827587;0.3783783783783784
Nashville Predators;2000;34;36;3.0;0.415;186;200;-14;0.93;0.4657534246575342
New Jersey Devils;2000;48;19;3.0;0.585;295;195;100;1.5128205128205128;0.6857142857142857
New York Islanders;2000;21;51;3.0;0.256;185;268;-83;0.6902985074626866;0.28
New York Rangers;2000;33;43;1.0;0.402;250;290;-40;0.8620689655172413;0.42857142857142855
Ottawa Senators;2000;48;21;4.0;0.585;274;205;69;1.3365853658536586;0.6575342465753424
Philadelphia Flyers;2000;43;25;3.0;0.524;240;207;33;1.1594202898550725;0.6056338028169014
Phoenix Coyotes;2000;35;27;3.0;0.427;214;212;2;1.009433962264151;0.5384615384615384
Pittsburgh Penguins;2000;42;28;3.0;0.512;281;256;25;1.09765625;0.5753424657534246
San Jose Sharks;2000;40;27;3.0;0.488;217;192;25;1.1302083333333333;0.5714285714285714
St. Louis Blues;2000;43;22;5.0;0.524;249;195;54;1.2769230769230768;0.6142857142857143
Tampa Bay Lightning;2000;24;47;5.0;0.293;201;280;-79;0.7178571428571429;0.3157894736842105
Toronto Maple Leafs;2000;37;29;5.0;0.451;232;207;25;1.1207729468599035;0.5211267605633803
Vancouver Canucks;2000;36;28;7.0;0.439;239;238;1;1.004201680672269;0.5070422535211268
Washington Capitals;2000;41;27;4.0;0.5;233;211;22;1.1042654028436019;0.5694444444444444
Mighty Ducks of Anaheim;2001;29;42;3.0;0.354;175;198;-23;0.8838383838383839;0.3918918918918919
Atlanta Thrashers;2001;19;47;5.0;0.232;187;288;-101;0.6493055555555556;0.2676056338028169
Boston Bruins;2001;43;24;9.0;0.524;236;201;35;1.1741293532338308;0.5657894736842105
Buffalo Sabres;2001;35;35;1.0;0.427;213;200;13;1.065;0.49295774647887325
Calgary Flames;2001;32;35;3.0;0.39;201;220;-19;0.9136363636363637;0.45714285714285713
Carolina Hurricanes;2001;35;26;5.0;0.427;217;217;0;1.0;0.5303030303030303
Columbus Blue Jackets;2001;22;47;5.0;0.268;164;255;-91;0.6431372549019608;0.2972972972972973
Chicago Blackhawks;2001;41;27;1.0;0.5;216;207;9;1.0434782608695652;0.5942028985507246
Colorado Avalanche;2001;45;28;1.0;0.549;212;169;43;1.2544378698224852;0.6081081081081081
Dallas Stars;2001;36;28;5.0;0.439;215;213;2;1.0093896713615023;0.5217391304347826
Detroit Red Wings;2001;51;17;4.0;0.622;251;187;64;1.3422459893048129;0.7083333333333334
Edmonton Oilers;2001;38;28;4.0;0.463;205;182;23;1.1263736263736264;0.5428571428571428
Florida Panthers;2001;22;44;6.0;0.268;180;250;-70;0.72;0.3055555555555556
Los Angeles Kings;2001;40;27;4.0;0.488;214;190;24;1.1263157894736842;0.5633802816901409
Minnesota Wild;2001;26;35;9.0;0.317;195;238;-43;0.819327731092437;0.37142857142857144
Montreal Canadiens;2001;36;31;3.0;0.439;207;209;-2;0.9904306220095693;0.5142857142857142
Nashville Predators;2001;28;41;0.0;0.341;196;230;-34;0.8521739130434782;0.4057971014492754
New Jersey Devils;2001;41;28;4.0;0.5;205;187;18;1.0962566844919786;0.5616438356164384
New York Islanders;2001;42;28;4.0;0.512;239;220;19;1.0863636363636364;0.5675675675675675
New York Rangers;2001;36;38;4.0;0.439;227;258;-31;0.8798449612403101;0.46153846153846156
Ottawa Senators;2001;39;27;7.0;0.476;243;208;35;1.1682692307692308;0.5342465753424658
Philadelphia Flyers;2001;42;27;3.0;0.512;234;192;42;1.21875;0.5833333333333334
Phoenix Coyotes;2001;40;27;6.0;0.488;228;210;18;1.0857142857142856;0.547945205479452
Pittsburgh Penguins;2001;28;41;5.0;0.341;198;249;-51;0.7951807228915663;0.3783783783783784
San Jose Sharks;2001;44;27;3.0;0.537;248;199;49;1.2462311557788945;0.5945945945945946
St. Louis Blues;2001;43;27;4.0;0.524;227;188;39;1.2074468085106382;0.581081081081081
Tampa Bay Lightning;2001;27;40;4.0;0.329;178;219;-41;0.8127853881278538;0.38028169014084506
Toronto Maple Leafs;2001;43;25;4.0;0.524;249;207;42;1.2028985507246377;0.5972222222222222
Vancouver Canucks;2001;42;30;3.0;0.512;254;211;43;1.2037914691943128;0.56
Washington Capitals;2001;36;33;2.0;0.439;228;240;-12;0.95;0.5070422535211268
Mighty Ducks of Anaheim;2002;40;27;6.0;0.488;203;193;10;1.0518134715025906;0.547945205479452
Atlanta Thrashers;2002;31;39;5.0;0.378;226;284;-58;0.795774647887324;0.41333333333333333
Boston Bruins;2002;36;31;4.0;0.439;245;237;8;1.0337552742616034;0.5070422535211268
Buffalo Sabres;2002;27;37;8.0;0.329;190;219;-29;0.867579908675799;0.375
Calgary Flames;2002;29;36;4.0;0.354;186;228;-42;0.8157894736842105;0.42028985507246375
Carolina Hurricanes;2002;22;43;6.0;0.268;171;240;-69;0.7125;0.30985915492957744
Columbus Blue Jackets;2002;29;42;3.0;0.354;213;263;-50;0.8098859315589354;0.3918918918918919
Chicago Blackhawks;2002;30;33;6.0;0.366;207;226;-19;0.915929203539823;0.43478260869565216
Colorado Avalanche;2002;42;19;8.0;0.512;251;194;57;1.2938144329896908;0.6086956521739131
Dallas Stars;2002;46;17;4.0;0.561;245;169;76;1.4497041420118344;0.6865671641791045
Detroit Red Wings;2002;48;20;4.0;0.585;269;203;66;1.3251231527093597;0.6666666666666666
Edmonton Oilers;2002;36;26;9.0;0.439;231;230;1;1.0043478260869565;0.5070422535211268
Florida Panthers;2002;24;36;9.0;0.293;176;237;-61;0.7426160337552743;0.34782608695652173
Los Angeles Kings;2002;33;37;6.0;0.402;203;221;-18;0.918552036199095;0.4342105263157895
Minnesota Wild;2002;42;29;1.0;0.512;198;178;20;1.1123595505617978;0.5833333333333334
Montreal Canadiens;2002;30;35;9.0;0.366;206;234;-28;0.8803418803418803;0.40540540540540543
Nashville Predators;2002;27;35;7.0;0.329;183;206;-23;0.8883495145631068;0.391304347826087
New Jersey Devils;2002;46;20;6.0;0.561;216;166;50;1.3012048192771084;0.6388888888888888
New York Islanders;2002;35;34;2.0;0.427;224;231;-7;0.9696969696969697;0.49295774647887325
New York Rangers;2002;32;36;4.0;0.39;210;231;-21;0.9090909090909091;0.4444444444444444
Ottawa Senators;2002;52;21;1.0;0.634;263;182;81;1.445054945054945;0.7027027027027027
Philadelphia Flyers;2002;45;20;4.0;0.549;211;166;45;1.2710843373493976;0.6521739130434783
Phoenix Coyotes;2002;31;35;5.0;0.378;204;230;-26;0.8869565217391304;0.43661971830985913
Pittsburgh Penguins;2002;27;44;5.0;0.329;189;255;-66;0.7411764705882353;0.35526315789473684
San Jose Sharks;2002;28;37;8.0;0.341;214;239;-25;0.895397489539749;0.3835616438356164
St. Louis Blues;2002;41;24;6.0;0.5;253;222;31;1.1396396396396395;0.5774647887323944
Tampa Bay Lightning;2002;36;25;5.0;0.439;219;210;9;1.042857142857143;0.5454545454545454
Toronto Maple Leafs;2002;44;28;3.0;0.537;236;208;28;1.1346153846153846;0.5866666666666667
Vancouver Canucks;2002;45;23;1.0;0.549;264;208;56;1.2692307692307692;0.6521739130434783
Washington Capitals;2002;39;29;6.0;0.476;224;220;4;1.018181818181818;0.527027027027027
Mighty Ducks of Anaheim;2003;29;35;8.0;0.354;184;213;-29;0.863849765258216;0.4027777777777778
Atlanta Thrashers;2003;33;37;4.0;0.402;214;243;-29;0.8806584362139918;0.44594594594594594
Boston Bruins;2003;41;19;7.0;0.5;209;188;21;1.1117021276595744;0.6119402985074627
Buffalo Sabres;2003;37;34;4.0;0.451;220;221;-1;0.995475113122172;0.49333333333333335
Calgary Flames;2003;42;30;3.0;0.512;200;176;24;1.1363636363636365;0.56
Carolina Hurricanes;2003;28;34;6.0;0.341;172;209;-37;0.8229665071770335;0.4117647058823529
Columbus Blue Jackets;2003;25;45;4.0;0.305;177;238;-61;0.7436974789915967;0.33783783783783783
Chicago Blackhawks;2003;20;43;8.0;0.244;188;259;-71;0.7258687258687259;0.28169014084507044
Colorado Avalanche;2003;40;22;7.0;0.488;236;198;38;1.1919191919191918;0.5797101449275363
Dallas Stars;2003;41;26;2.0;0.5;194;175;19;1.1085714285714285;0.5942028985507246
Detroit Red Wings;2003;48;21;2.0;0.585;255;189;66;1.3492063492063493;0.676056338028169
Edmonton Oilers;2003;36;29;5.0;0.439;221;208;13;1.0625;0.5142857142857142
Florida Panthers;2003;28;35;4.0;0.341;188;221;-33;0.8506787330316742;0.417910447761194
Los Angeles Kings;2003;28;29;9.0;0.341;205;217;-12;0.9447004608294931;0.42424242424242425
Minnesota Wild;2003;30;29;3.0;0.366;188;183;5;1.0273224043715847;0.4838709677419355
Montreal Canadiens;2003;41;30;4.0;0.5;208;192;16;1.0833333333333333;0.5466666666666666
Nashville Predators;2003;38;29;4.0;0.463;216;217;-1;0.9953917050691244;0.5352112676056338
New Jersey Devils;2003;43;25;2.0;0.524;213;164;49;1.298780487804878;0.6142857142857143
New York Islanders;2003;38;29;4.0;0.463;237;210;27;1.1285714285714286;0.5352112676056338
New York Rangers;2003;27;40;8.0;0.329;206;250;-44;0.824;0.36
Ottawa Senators;2003;43;23;6.0;0.524;262;189;73;1.3862433862433863;0.5972222222222222
Philadelphia Flyers;2003;40;21;6.0;0.488;229;186;43;1.2311827956989247;0.5970149253731343
Phoenix Coyotes;2003;22;36;6.0;0.268;188;245;-57;0.7673469387755102;0.34375
Pittsburgh Penguins;2003;23;47;4.0;0.28;190;303;-113;0.6270627062706271;0.3108108108108108
San Jose Sharks;2003;43;21;6.0;0.524;219;183;36;1.1967213114754098;0.6142857142857143
St. Louis Blues;2003;39;30;2.0;0.476;191;198;-7;0.9646464646464646;0.5492957746478874
Tampa Bay Lightning;2003;46;22;6.0;0.561;245;192;53;1.2760416666666667;0.6216216216216216
Toronto Maple Leafs;2003;45;24;3.0;0.549;242;204;38;1.1862745098039216;0.625
Vancouver Canucks;2003;43;24;5.0;0.524;235;194;41;1.211340206185567;0.5972222222222222
Washington Capitals;2003;23;46;3.0;0.28;186;253;-67;0.7351778656126482;0.3194444444444444
Mighty Ducks of Anaheim;2005;43;27;12.0;0.524;254;229;25;1.1091703056768558;0.524390243902439
Atlanta Thrashers;2005;41;33;8.0;0.5;281;275;6;1.0218181818181817;0.5
Boston Bruins;2005;29;37;16.0;0.354;230;266;-36;0.8646616541353384;0.35365853658536583
Buffalo Sabres;2005;52;24;6.0;0.634;281;239;42;1.1757322175732217;0.6341463414634146
Calgary Flames;2005;46;25;11.0;0.561;218;200;18;1.09;0.5609756097560976
Carolina Hurricanes;2005;52;22;8.0;0.634;294;260;34;1.1307692307692307;0.6341463414634146
Columbus Blue Jackets;2005;35;43;4.0;0.427;223;279;-56;0.7992831541218638;0.4268292682926829
Chicago Blackhawks;2005;26;43;13.0;0.317;211;285;-74;0.7403508771929824;0.3170731707317073
Colorado Avalanche;2005;43;30;9.0;0.524;283;257;26;1.1011673151750974;0.524390243902439
Dallas Stars;2005;53;23;6.0;0.646;265;218;47;1.2155963302752293;0.6463414634146342
Detroit Red Wings;2005;58;16;8.0;0.707;305;209;96;1.4593301435406698;0.7073170731707317
Edmonton Oilers;2005;41;28;13.0;0.5;256;251;5;1.0199203187250996;0.5
Florida Panthers;2005;37;34;11.0;0.451;240;257;-17;0.933852140077821;0.45121951219512196
Los Angeles Kings;2005;42;35;5.0;0.512;249;270;-21;0.9222222222222223;0.5121951219512195
Minnesota Wild;2005;38;36;8.0;0.463;231;215;16;1.0744186046511628;0.4634146341463415
Montreal Canadiens;2005;42;31;9.0;0.512;243;247;-4;0.9838056680161943;0.5121951219512195
Nashville Predators;2005;49;25;8.0;0.598;259;227;32;1.1409691629955947;0.5975609756097561
New Jersey Devils;2005;46;27;9.0;0.561;242;229;13;1.056768558951965;0.5609756097560976
New York Islanders;2005;36;40;6.0;0.439;230;278;-48;0.8273381294964028;0.43902439024390244
New York Rangers;2005;44;26;12.0;0.537;257;215;42;1.1953488372093024;0.5365853658536586
Ottawa Senators;2005;52;21;9.0;0.634;314;211;103;1.4881516587677726;0.6341463414634146
Philadelphia Flyers;2005;45;26;11.0;0.549;267;259;8;1.0308880308880308;0.5487804878048781
Phoenix Coyotes;2005;38;39;5.0;0.463;246;271;-25;0.9077490774907749;0.4634146341463415
Pittsburgh Penguins;2005;22;46;14.0;0.268;244;316;-72;0.7721518987341772;0.2682926829268293
San Jose Sharks;2005;44;27;11.0;0.537;266;242;24;1.0991735537190082;0.5365853658536586
St. Louis Blues;2005;21;46;15.0;0.256;197;292;-95;0.6746575342465754;0.25609756097560976
Tampa Bay Lightning;2005;43;33;6.0;0.524;252;260;-8;0.9692307692307692;0.524390243902439
Toronto Maple Leafs;2005;41;33;8.0;0.5;257;270;-13;0.9518518518518518;0.5
Vancouver Canucks;2005;42;32;8.0;0.512;256;255;1;1.003921568627451;0.5121951219512195
Washington Capitals;2005;29;41;12.0;0.354;237;306;-69;0.7745098039215687;0.35365853658536583
Anaheim Ducks;2006;48;20;14.0;0.585;258;208;50;1.2403846153846154;0.5853658536585366
Atlanta Thrashers;2006;43;28;11.0;0.524;246;245;1;1.0040816326530613;0.524390243902439
Boston Bruins;2006;35;41;6.0;0.427;219;289;-70;0.7577854671280276;0.4268292682926829
Buffalo Sabres;2006;53;22;7.0;0.646;308;242;66;1.2727272727272727;0.6463414634146342
Calgary Flames;2006;43;29;10.0;0.524;258;226;32;1.1415929203539823;0.524390243902439
Carolina Hurricanes;2006;40;34;8.0;0.488;241;253;-12;0.9525691699604744;0.4878048780487805
Columbus Blue Jackets;2006;33;42;7.0;0.402;201;249;-48;0.8072289156626506;0.4024390243902439
Chicago Blackhawks;2006;31;42;9.0;0.378;201;258;-57;0.7790697674418605;0.3780487804878049
Colorado Avalanche;2006;44;31;7.0;0.537;272;251;21;1.0836653386454183;0.5365853658536586
Dallas Stars;2006;50;25;7.0;0.61;226;197;29;1.1472081218274113;0.6097560975609756
Detroit Red Wings;2006;50;19;13.0;0.61;254;199;55;1.2763819095477387;0.6097560975609756
Edmonton Oilers;2006;32;43;7.0;0.39;195;248;-53;0.7862903225806451;0.3902439024390244
Florida Panthers;2006;35;31;16.0;0.427;247;257;-10;0.9610894941634242;0.4268292682926829
Los Angeles Kings;2006;27;41;14.0;0.329;227;283;-56;0.8021201413427562;0.32926829268292684
Minnesota Wild;2006;48;26;8.0;0.585;235;191;44;1.2303664921465969;0.5853658536585366
Montreal Canadiens;2006;42;34;6.0;0.512;245;256;-11;0.95703125;0.5121951219512195
Nashville Predators;2006;51;23;8.0;0.622;272;212;60;1.2830188679245282;0.6219512195121951
New Jersey Devils;2006;49;24;9.0;0.598;216;201;15;1.0746268656716418;0.5975609756097561
New York Islanders;2006;40;30;12.0;0.488;248;240;8;1.0333333333333334;0.4878048780487805
New York Rangers;2006;42;30;10.0;0.512;242;216;26;1.1203703703703705;0.5121951219512195
Ottawa Senators;2006;48;25;9.0;0.585;288;222;66;1.2972972972972974;0.5853658536585366
Philadelphia Flyers;2006;22;48;12.0;0.268;214;303;-89;0.7062706270627063;0.2682926829268293
Phoenix Coyotes;2006;31;46;5.0;0.378;216;284;-68;0.7605633802816901;0.3780487804878049
Pittsburgh Penguins;2006;47;24;11.0;0.573;277;246;31;1.1260162601626016;0.573170731707317
San Jose Sharks;2006;51;26;5.0;0.622;258;199;59;1.2964824120603016;0.6219512195121951
St. Louis Blues;2006;34;35;13.0;0.415;214;254;-40;0.84251968503937;0.4146341463414634
Tampa Bay Lightning;2006;44;33;5.0;0.537;253;261;-8;0.9693486590038314;0.5365853658536586
Toronto Maple Leafs;2006;40;31;11.0;0.488;258;269;-11;0.9591078066914498;0.4878048780487805
Vancouver Canucks;2006;49;26;7.0;0.598;222;201;21;1.1044776119402986;0.5975609756097561
Washington Capitals;2006;28;40;14.0;0.341;235;286;-51;0.8216783216783217;0.34146341463414637
Anaheim Ducks;2007;47;27;8.0;0.573;205;191;14;1.0732984293193717;0.573170731707317
Atlanta Thrashers;2007;34;40;8.0;0.415;216;272;-56;0.7941176470588235;0.4146341463414634
Boston Bruins;2007;41;29;12.0;0.5;212;222;-10;0.954954954954955;0.5
Buffalo Sabres;2007;39;31;12.0;0.476;255;242;13;1.0537190082644627;0.47560975609756095
Calgary Flames;2007;42;30;10.0;0.512;229;227;2;1.0088105726872247;0.5121951219512195
Carolina Hurricanes;2007;43;33;6.0;0.524;252;249;3;1.0120481927710843;0.524390243902439
Columbus Blue Jackets;2007;34;36;12.0;0.415;193;218;-25;0.8853211009174312;0.4146341463414634
Chicago Blackhawks;2007;40;34;8.0;0.488;239;235;4;1.0170212765957447;0.4878048780487805
Colorado Avalanche;2007;44;31;7.0;0.537;231;219;12;1.0547945205479452;0.5365853658536586
Dallas Stars;2007;45;30;7.0;0.549;242;207;35;1.1690821256038648;0.5487804878048781
Detroit Red Wings;2007;54;21;7.0;0.659;257;184;73;1.3967391304347827;0.6585365853658537
Edmonton Oilers;2007;41;35;6.0;0.5;235;251;-16;0.9362549800796812;0.5
Florida Panthers;2007;38;35;9.0;0.463;216;226;-10;0.9557522123893806;0.4634146341463415
Los Angeles Kings;2007;32;43;7.0;0.39;231;266;-35;0.868421052631579;0.3902439024390244
Minnesota Wild;2007;44;28;10.0;0.537;223;218;5;1.0229357798165137;0.5365853658536586
Montreal Canadiens;2007;47;25;10.0;0.573;262;222;40;1.1801801801801801;0.573170731707317
Nashville Predators;2007;41;32;9.0;0.5;230;229;1;1.0043668122270741;0.5
New Jersey Devils;2007;46;29;7.0;0.561;206;197;9;1.0456852791878173;0.5609756097560976
New York Islanders;2007;35;38;9.0;0.427;194;243;-49;0.7983539094650206;0.4268292682926829
New York Rangers;2007;42;27;13.0;0.512;213;199;14;1.07035175879397;0.5121951219512195
Ottawa Senators;2007;43;31;8.0;0.524;261;247;14;1.05668016194332;0.524390243902439
Philadelphia Flyers;2007;42;29;11.0;0.512;248;233;15;1.0643776824034334;0.5121951219512195
Phoenix Coyotes;2007;38;37;7.0;0.463;214;231;-17;0.9264069264069265;0.4634146341463415
Pittsburgh Penguins;2007;47;27;8.0;0.573;247;216;31;1.1435185185185186;0.573170731707317
San Jose Sharks;2007;49;23;10.0;0.598;222;193;29;1.150259067357513;0.5975609756097561
St. Louis Blues;2007;33;36;13.0;0.402;205;237;-32;0.8649789029535865;0.4024390243902439
Tampa Bay Lightning;2007;31;42;9.0;0.378;223;267;-44;0.8352059925093633;0.3780487804878049
Toronto Maple Leafs;2007;36;35;11.0;0.439;231;260;-29;0.8884615384615384;0.43902439024390244
Vancouver Canucks;2007;39;33;10.0;0.476;213;215;-2;0.9906976744186047;0.47560975609756095
Washington Capitals;2007;43;31;8.0;0.524;242;231;11;1.0476190476190477;0.524390243902439
Anaheim Ducks;2008;42;33;7.0;0.512;245;238;7;1.0294117647058822;0.5121951219512195
Atlanta Thrashers;2008;35;41;6.0;0.427;257;280;-23;0.9178571428571428;0.4268292682926829
Boston Bruins;2008;53;19;10.0;0.646;274;196;78;1.3979591836734695;0.6463414634146342
Buffalo Sabres;2008;41;32;9.0;0.5;250;234;16;1.0683760683760684;0.5
Calgary Flames;2008;46;30;6.0;0.561;254;248;6;1.0241935483870968;0.5609756097560976
Carolina Hurricanes;2008;45;30;7.0;0.549;239;226;13;1.0575221238938053;0.5487804878048781
Columbus Blue Jackets;2008;41;31;10.0;0.5;226;230;-4;0.9826086956521739;0.5
Chicago Blackhawks;2008;46;24;12.0;0.561;264;216;48;1.2222222222222223;0.5609756097560976
Colorado Avalanche;2008;32;45;5.0;0.39;199;257;-58;0.77431906614786;0.3902439024390244
Dallas Stars;2008;36;35;11.0;0.439;230;257;-27;0.8949416342412452;0.43902439024390244
Detroit Red Wings;2008;51;21;10.0;0.622;295;244;51;1.209016393442623;0.6219512195121951
Edmonton Oilers;2008;38;35;9.0;0.463;234;248;-14;0.9435483870967742;0.4634146341463415
Florida Panthers;2008;41;30;11.0;0.5;234;231;3;1.0129870129870129;0.5
Los Angeles Kings;2008;34;37;11.0;0.415;207;234;-27;0.8846153846153846;0.4146341463414634
Minnesota Wild;2008;40;33;9.0;0.488;219;200;19;1.095;0.4878048780487805
Montreal Canadiens;2008;41;30;11.0;0.5;249;247;2;1.008097165991903;0.5
Nashville Predators;2008;40;34;8.0;0.488;213;233;-20;0.9141630901287554;0.4878048780487805
New Jersey Devils;2008;51;27;4.0;0.622;244;209;35;1.167464114832536;0.6219512195121951
New York Islanders;2008;26;47;9.0;0.317;201;279;-78;0.7204301075268817;0.3170731707317073
New York Rangers;2008;43;30;9.0;0.524;210;218;-8;0.963302752293578;0.524390243902439
Ottawa Senators;2008;36;35;11.0;0.439;217;237;-20;0.9156118143459916;0.43902439024390244
Philadelphia Flyers;2008;44;27;11.0;0.537;264;238;26;1.1092436974789917;0.5365853658536586
Phoenix Coyotes;2008;36;39;7.0;0.439;208;252;-44;0.8253968253968254;0.43902439024390244
Pittsburgh Penguins;2008;45;28;9.0;0.549;264;239;25;1.104602510460251;0.5487804878048781
San Jose Sharks;2008;53;18;11.0;0.646;257;204;53;1.2598039215686274;0.6463414634146342
St. Louis Blues;2008;41;31;10.0;0.5;233;233;0;1.0;0.5
Tampa Bay Lightning;2008;24;40;18.0;0.293;210;279;-69;0.7526881720430108;0.2926829268292683
Toronto Maple Leafs;2008;34;35;13.0;0.415;250;293;-43;0.8532423208191127;0.4146341463414634
Vancouver Canucks;2008;45;27;10.0;0.549;246;220;26;1.1181818181818182;0.5487804878048781
Washington Capitals;2008;50;24;8.0;0.61;272;245;27;1.110204081632653;0.6097560975609756
Anaheim Ducks;2009;39;32;11.0;0.476;238;251;-13;0.9482071713147411;0.47560975609756095
Atlanta Thrashers;2009;35;34;13.0;0.427;234;256;-22;0.9140625;0.4268292682926829
Boston Bruins;2009;39;30;13.0;0.476;206;200;6;1.03;0.47560975609756095
Buffalo Sabres;2009;45;27;10.0;0.549;235;207;28;1.1352657004830917;0.5487804878048781
Calgary Flames;2009;40;32;10.0;0.488;204;210;-6;0.9714285714285714;0.4878048780487805
Carolina Hurricanes;2009;35;37;10.0;0.427;230;256;-26;0.8984375;0.4268292682926829
Columbus Blue Jackets;2009;32;35;15.0;0.39;216;259;-43;0.833976833976834;0.3902439024390244
Chicago Blackhawks;2009;52;22;8.0;0.634;271;209;62;1.2966507177033493;0.6341463414634146
Colorado Avalanche;2009;43;30;9.0;0.524;244;233;11;1.0472103004291846;0.524390243902439
Dallas Stars;2009;37;31;14.0;0.451;237;254;-17;0.9330708661417323;0.45121951219512196
Detroit Red Wings;2009;44;24;14.0;0.537;229;216;13;1.0601851851851851;0.5365853658536586
Edmonton Oilers;2009;27;47;8.0;0.329;214;284;-70;0.7535211267605634;0.32926829268292684
Florida Panthers;2009;32;37;13.0;0.39;208;244;-36;0.8524590163934426;0.3902439024390244
Los Angeles Kings;2009;46;27;9.0;0.561;241;219;22;1.1004566210045663;0.5609756097560976
Minnesota Wild;2009;38;36;8.0;0.463;219;246;-27;0.8902439024390244;0.4634146341463415
Montreal Canadiens;2009;39;33;10.0;0.476;217;223;-6;0.9730941704035875;0.47560975609756095
Nashville Predators;2009;47;29;6.0;0.573;225;225;0;1.0;0.573170731707317
New Jersey Devils;2009;48;27;7.0;0.585;222;191;31;1.162303664921466;0.5853658536585366
New York Islanders;2009;34;37;11.0;0.415;222;264;-42;0.8409090909090909;0.4146341463414634
New York Rangers;2009;38;33;11.0;0.463;222;218;4;1.018348623853211;0.4634146341463415
Ottawa Senators;2009;44;32;6.0;0.537;225;238;-13;0.9453781512605042;0.5365853658536586
Philadelphia Flyers;2009;41;35;6.0;0.5;236;225;11;1.048888888888889;0.5
Phoenix Coyotes;2009;50;25;7.0;0.61;225;202;23;1.113861386138614;0.6097560975609756
Pittsburgh Penguins;2009;47;28;7.0;0.573;257;237;20;1.0843881856540085;0.573170731707317
San Jose Sharks;2009;51;20;11.0;0.622;264;215;49;1.2279069767441861;0.6219512195121951
St. Louis Blues;2009;40;32;10.0;0.488;225;223;2;1.0089686098654709;0.4878048780487805
Tampa Bay Lightning;2009;34;36;12.0;0.415;217;260;-43;0.8346153846153846;0.4146341463414634
Toronto Maple Leafs;2009;30;38;14.0;0.366;214;267;-53;0.8014981273408239;0.36585365853658536
Vancouver Canucks;2009;49;28;5.0;0.598;272;222;50;1.2252252252252251;0.5975609756097561
Washington Capitals;2009;54;15;13.0;0.659;318;233;85;1.3648068669527897;0.6585365853658537
Anaheim Ducks;2010;47;30;5.0;0.573;239;235;4;1.0170212765957447;0.573170731707317
Atlanta Thrashers;2010;34;36;12.0;0.415;223;269;-46;0.828996282527881;0.4146341463414634
Boston Bruins;2010;46;25;11.0;0.561;246;195;51;1.2615384615384615;0.5609756097560976
Buffalo Sabres;2010;43;29;10.0;0.524;245;229;16;1.0698689956331877;0.524390243902439
Calgary Flames;2010;41;29;12.0;0.5;250;237;13;1.0548523206751055;0.5
Carolina Hurricanes;2010;40;31;11.0;0.488;236;239;-3;0.9874476987447699;0.4878048780487805
Columbus Blue Jackets;2010;34;35;13.0;0.415;215;258;-43;0.8333333333333334;0.4146341463414634
Chicago Blackhawks;2010;44;29;9.0;0.537;258;225;33;1.1466666666666667;0.5365853658536586
Colorado Avalanche;2010;30;44;8.0;0.366;227;288;-61;0.7881944444444444;0.36585365853658536
Dallas Stars;2010;42;29;11.0;0.512;227;233;-6;0.9742489270386266;0.5121951219512195
Detroit Red Wings;2010;47;25;10.0;0.573;261;241;20;1.0829875518672198;0.573170731707317
Edmonton Oilers;2010;25;45;12.0;0.305;193;269;-76;0.7174721189591078;0.3048780487804878
Florida Panthers;2010;30;40;12.0;0.366;195;229;-34;0.851528384279476;0.36585365853658536
Los Angeles Kings;2010;46;30;6.0;0.561;219;198;21;1.106060606060606;0.5609756097560976
Minnesota Wild;2010;39;35;8.0;0.476;206;233;-27;0.8841201716738197;0.47560975609756095
Montreal Canadiens;2010;44;30;8.0;0.537;216;209;7;1.0334928229665072;0.5365853658536586
Nashville Predators;2010;44;27;11.0;0.537;219;194;25;1.1288659793814433;0.5365853658536586
New Jersey Devils;2010;38;39;5.0;0.463;174;209;-35;0.8325358851674641;0.4634146341463415
New York Islanders;2010;30;39;13.0;0.366;229;264;-35;0.8674242424242424;0.36585365853658536
New York Rangers;2010;44;33;5.0;0.537;233;198;35;1.1767676767676767;0.5365853658536586
Ottawa Senators;2010;32;40;10.0;0.39;192;250;-58;0.768;0.3902439024390244
Philadelphia Flyers;2010;47;23;12.0;0.573;259;223;36;1.1614349775784754;0.573170731707317
Phoenix Coyotes;2010;43;26;13.0;0.524;231;226;5;1.0221238938053097;0.524390243902439
Pittsburgh Penguins;2010;49;25;8.0;0.598;238;199;39;1.1959798994974875;0.5975609756097561
San Jose Sharks;2010;48;25;9.0;0.585;248;213;35;1.164319248826291;0.5853658536585366
St. Louis Blues;2010;38;33;11.0;0.463;240;234;6;1.0256410256410255;0.4634146341463415
Tampa Bay Lightning;2010;46;25;11.0;0.561;247;240;7;1.0291666666666666;0.5609756097560976
Toronto Maple Leafs;2010;37;34;11.0;0.451;218;251;-33;0.8685258964143426;0.45121951219512196
Vancouver Canucks;2010;54;19;9.0;0.659;262;185;77;1.4162162162162162;0.6585365853658537
Washington Capitals;2010;48;23;11.0;0.585;224;197;27;1.1370558375634519;0.5853658536585366
Anaheim Ducks;2011;34;36;12.0;0.415;204;231;-27;0.8831168831168831;0.4146341463414634
Boston Bruins;2011;49;29;4.0;0.598;269;202;67;1.3316831683168318;0.5975609756097561
Buffalo Sabres;2011;39;32;11.0;0.476;218;230;-12;0.9478260869565217;0.47560975609756095
Calgary Flames;2011;37;29;16.0;0.451;202;226;-24;0.8938053097345132;0.45121951219512196
Carolina Hurricanes;2011;33;33;16.0;0.402;213;243;-30;0.8765432098765432;0.4024390243902439
Columbus Blue Jackets;2011;29;46;7.0;0.354;202;262;-60;0.7709923664122137;0.35365853658536583
Chicago Blackhawks;2011;45;26;11.0;0.549;248;238;10;1.0420168067226891;0.5487804878048781
Colorado Avalanche;2011;41;35;6.0;0.5;208;220;-12;0.9454545454545454;0.5
Dallas Stars;2011;42;35;5.0;0.512;211;222;-11;0.9504504504504504;0.5121951219512195
Detroit Red Wings;2011;48;28;6.0;0.585;248;203;45;1.2216748768472907;0.5853658536585366
Edmonton Oilers;2011;32;40;10.0;0.39;212;239;-27;0.8870292887029289;0.3902439024390244
Florida Panthers;2011;38;26;18.0;0.463;203;227;-24;0.8942731277533039;0.4634146341463415
Los Angeles Kings;2011;40;27;15.0;0.488;194;179;15;1.0837988826815643;0.4878048780487805
Minnesota Wild;2011;35;36;11.0;0.427;177;226;-49;0.7831858407079646;0.4268292682926829
Montreal Canadiens;2011;31;35;16.0;0.378;212;226;-14;0.9380530973451328;0.3780487804878049
Nashville Predators;2011;48;26;8.0;0.585;237;210;27;1.1285714285714286;0.5853658536585366
New Jersey Devils;2011;48;28;6.0;0.585;228;209;19;1.0909090909090908;0.5853658536585366
New York Islanders;2011;34;37;11.0;0.415;203;255;-52;0.796078431372549;0.4146341463414634
New York Rangers;2011;51;24;7.0;0.622;226;187;39;1.2085561497326203;0.6219512195121951
Ottawa Senators;2011;41;31;10.0;0.5;249;240;9;1.0375;0.5
Philadelphia Flyers;2011;47;26;9.0;0.573;264;232;32;1.1379310344827587;0.573170731707317
Phoenix Coyotes;2011;42;27;13.0;0.512;216;204;12;1.0588235294117647;0.5121951219512195
Pittsburgh Penguins;2011;51;25;6.0;0.622;282;221;61;1.2760180995475112;0.6219512195121951
San Jose Sharks;2011;43;29;10.0;0.524;228;210;18;1.0857142857142856;0.524390243902439
St. Louis Blues;2011;49;22;11.0;0.598;210;165;45;1.2727272727272727;0.5975609756097561
Tampa Bay Lightning;2011;38;36;8.0;0.463;235;281;-46;0.8362989323843416;0.4634146341463415
Toronto Maple Leafs;2011;35;37;10.0;0.427;231;264;-33;0.875;0.4268292682926829
Vancouver Canucks;2011;51;22;9.0;0.622;249;198;51;1.2575757575757576;0.6219512195121951
Washington Capitals;2011;42;32;8.0;0.512;222;230;-8;0.9652173913043478;0.5121951219512195
Winnipeg Jets;2011;37;35;10.0;0.451;225;246;-21;0.9146341463414634;0.45121951219512196
